{"timestamp":"2024-12-19 18:00:43","patientData":{"consultType":"call","age":"33","sex":"M","isPregnant":false,"symptoms":"dolor de cabeza","additionalInfo":{"hasFever":false,"temperature":"","hasPain":false,"painLevel":"","hasBreathingDifficulty":false,"hasVomiting":false,"hasConsciousnessLoss":false}},"triageResult":{"level":3,"justification":"Justificaci\u00f3n basada en los criterios de triage est\u00e1ndar","waitTime":"No determinado por falta de informaci\u00f3n suficiente","action":"Consultar con m\u00e9dico para evaluaci\u00f3n m\u00e1s detallada","alarmSigns":["Empeoramiento de los s\u00edntomas","Aparici\u00f3n de nuevos s\u00edntomas preocupantes"]}}
{"timestamp":"2024-12-19 18:00:57","patientData":{"consultType":"call","age":"33","sex":"M","isPregnant":false,"symptoms":"renovacion de formulas medicas","additionalInfo":{"hasFever":false,"temperature":"","hasPain":false,"painLevel":"","hasBreathingDifficulty":false,"hasVomiting":false,"hasConsciousnessLoss":false}},"triageResult":{"level":3,"justification":"Justificaci\u00f3n basada en los criterios de triage est\u00e1ndar","waitTime":"No determinado por falta de informaci\u00f3n suficiente","action":"Consultar con m\u00e9dico para evaluaci\u00f3n m\u00e1s detallada","alarmSigns":["Empeoramiento de los s\u00edntomas","Aparici\u00f3n de nuevos s\u00edntomas preocupantes"]}}
{"timestamp":"2024-12-19 18:00:58","patientData":{"consultType":"call","age":"33","sex":"M","isPregnant":false,"symptoms":"renovacion de formulas medicas","additionalInfo":{"hasFever":false,"temperature":"","hasPain":false,"painLevel":"","hasBreathingDifficulty":false,"hasVomiting":false,"hasConsciousnessLoss":false}},"triageResult":{"level":3,"justification":"Justificaci\u00f3n basada en los criterios de triage est\u00e1ndar","waitTime":"No determinado por falta de informaci\u00f3n suficiente","action":"Consultar con m\u00e9dico para evaluaci\u00f3n m\u00e1s detallada","alarmSigns":["Empeoramiento de los s\u00edntomas","Aparici\u00f3n de nuevos s\u00edntomas preocupantes"]}}
{"timestamp":"2024-12-19 18:00:59","patientData":{"consultType":"call","age":"33","sex":"M","isPregnant":false,"symptoms":"renovacion de formulas medicas","additionalInfo":{"hasFever":false,"temperature":"","hasPain":false,"painLevel":"","hasBreathingDifficulty":false,"hasVomiting":false,"hasConsciousnessLoss":false}},"triageResult":{"level":3,"justification":"Justificaci\u00f3n basada en los criterios de triage est\u00e1ndar","waitTime":"No determinado por falta de informaci\u00f3n suficiente","action":"Consultar con m\u00e9dico para evaluaci\u00f3n m\u00e1s detallada","alarmSigns":["Empeoramiento de los s\u00edntomas","Aparici\u00f3n de nuevos s\u00edntomas preocupantes"]}}
{"timestamp":"2024-12-19 18:01:21","patientData":{"consultType":"call","age":"23","sex":"M","isPregnant":false,"symptoms":"dolor de cabeza, mocos y tos","additionalInfo":{"hasFever":false,"temperature":"","hasPain":false,"painLevel":"","hasBreathingDifficulty":false,"hasVomiting":false,"hasConsciousnessLoss":false}},"triageResult":{"level":3,"justification":"Justificaci\u00f3n basada en los criterios de triage est\u00e1ndar","waitTime":"No determinado por falta de informaci\u00f3n suficiente","action":"Consultar con m\u00e9dico para evaluaci\u00f3n m\u00e1s detallada","alarmSigns":["Empeoramiento de los s\u00edntomas","Aparici\u00f3n de nuevos s\u00edntomas preocupantes"]}}
{"timestamp":"2024-12-19 18:06:59","patientData":{"consultType":"call","age":"23","sex":"M","isPregnant":false,"symptoms":"dolor de cabeza, mocos y tos","additionalInfo":{"hasFever":false,"temperature":"","hasPain":false,"painLevel":"","hasBreathingDifficulty":false,"hasVomiting":false,"hasConsciousnessLoss":false}},"triageResult":{"level":5,"justification":"Evaluaci\u00f3n basada en criterios predefinidos seg\u00fan s\u00edntomas reportados","suggestion":"Consultar con m\u00e9dico para recibir indicaciones espec\u00edficas","alarmSigns":["Aparici\u00f3n de s\u00edntomas nuevos o aumento de los existentes"]}}
{"timestamp":"2024-12-19 18:07:01","patientData":{"consultType":"call","age":"23","sex":"M","isPregnant":false,"symptoms":"dolor de cabeza, mocos y tos","additionalInfo":{"hasFever":false,"temperature":"","hasPain":false,"painLevel":"","hasBreathingDifficulty":false,"hasVomiting":false,"hasConsciousnessLoss":false}},"triageResult":{"level":5,"justification":"Evaluaci\u00f3n basada en criterios predefinidos seg\u00fan s\u00edntomas reportados","suggestion":"Consultar con m\u00e9dico para recibir indicaciones espec\u00edficas","alarmSigns":["Aparici\u00f3n de s\u00edntomas nuevos o aumento de los existentes"]}}
